City,Temperature,Latitude,City_ID,Cloudiness,Country,Date,Humidity,Lat,Lng,Max Temp,Wind Speed
dikson,14.29,73.51,66.0,12.0,RU,1558378766.0,85.0,73.51,80.55,20.22,12.15
hermanus,67.39,-34.42,40.0,9.0,ZA,1558378761.0,74.0,-34.42,19.24,55.0,23.78
mataura,57.99,-46.19,96.0,58.0,NZ,1558378772.0,88.0,-46.19,168.86,48.0,1.99
bambous virieux,77.49,-20.34,18.0,75.0,MU,1558378758.0,74.0,-20.34,57.76,78.8,11.41
taolanaro,NAN,NAN,,,,,,,,,
rikitea,77.04,-23.12,28.0,95.0,PF,1558378669.0,76.0,-23.12,-134.97,74.58,12.82
lorengau,82.27,-2.02,450.0,100.0,PG,1558378869.0,89.0,-2.02,147.27,77.46,1.12
cabo san lucas,73.78,22.89,53.0,5.0,MX,1558378605.0,34.0,22.89,-109.91,91.0,11.41
tambura,70.95,5.6,,,,,,,,,
thompson,24.8,55.74,62.0,75.0,CA,1558378765.0,35.0,55.74,-97.86,57.2,3.36
ushuaia,42.8,-54.8,17.0,75.0,AR,1558378606.0,75.0,-54.81,-68.31,44.6,36.91
busselton,69.96,-33.65,21.0,84.0,AU,1558378758.0,63.0,-33.64,115.35,55.0,12.86
sioux lookout,35.28,50.1,437.0,40.0,CA,1558378879.0,44.0,50.1,-91.92,59.0,6.93
chokurdakh,27.21,70.63,179.0,0.0,RU,1558378788.0,89.0,70.62,147.9,7.08,5.99
ketchikan,47.5,55.34,102.0,1.0,US,1558378684.0,76.0,55.34,-131.65,55.4,17.22
cestas,59.47,44.74,,,,,,,,,
avarua,84.2,-21.21,12.0,100.0,CK,1558378756.0,94.0,-21.21,-159.78,71.6,2.24
karratha,81.37,-20.74,,,,,,,,,
coquimbo,64.4,-29.95,197.0,75.0,CL,1558378792.0,59.0,-29.95,-71.34,64.4,5.82
upernavik,20.88,72.79,309.0,0.0,GL,1558378846.0,85.0,72.79,-56.15,29.22,11.59
east london,74.39,-33.02,117.0,20.0,ZA,1558378775.0,72.0,-33.02,27.91,60.8,27.51
cape town,64.2,-33.93,4.0,20.0,ZA,1558378755.0,76.0,-33.93,18.42,55.99,8.05
barentsburg,NAN,NAN,,,,,,,,,
koupela,90.68,12.18,,,,,,,,,
hilo,74.7,19.73,106.0,40.0,US,1558378755.0,69.0,19.71,-155.08,79.0,4.7
iqaluit,23,63.75,136.0,90.0,CA,1558378780.0,86.0,63.75,-68.52,33.8,6.93
yellowknife,17.73,62.46,42.0,75.0,CA,1558378762.0,26.0,62.45,-114.38,55.4,8.05
the valley,84.49,18.22,,,,,,,,,
puerto ayora,81.57,-0.74,44.0,26.0,EC,1558378762.0,86.0,-0.74,-90.35,79.0,5.99
vaini,78.8,-21.2,139.0,0.0,IN,1558378780.0,88.0,15.34,74.49,78.9,1.59
beringovskiy,11.26,63.05,194.0,58.0,RU,1558378791.0,90.0,63.05,179.32,27.42,6.2
codrington,53.02,-38.27,195.0,90.0,AU,1558378791.0,93.0,-28.95,153.24,60.8,5.82
khulo,44.73,41.64,,,,,,,,,
meulaboh,80.24,4.14,430.0,100.0,ID,1558378877.0,81.0,4.14,96.13,81.6,5.88
markova,36.86,48.68,263.0,0.0,RU,1558378835.0,49.0,52.21,104.21,46.4,6.71
tabiauea,NAN,NAN,,,,,,,,,
igarka,35.67,67.47,,,,,,,,,
kapaa,77.14,22.08,103.0,20.0,US,1558378773.0,74.0,22.08,-159.32,80.6,10.29
georgetown,81.16,5.41,140.0,75.0,GY,1558378612.0,83.0,6.8,-58.16,82.4,11.41
katsuura,48.02,35.13,97.0,90.0,JP,1558378772.0,93.0,33.93,134.5,66.2,5.82
butaritari,83.98,3.07,72.0,55.0,KI,1558378767.0,77.0,3.07,172.79,83.94,9.13
walajabad,NAN,NAN,,,,,,,,,
bethel,51.53,41.37,35.0,20.0,US,1558378760.0,71.0,60.79,-161.76,51.8,4.68
yatou,44.31,37.15,,,,,,,,,
cherskiy,13.78,68.75,384.0,100.0,RU,1558378863.0,96.0,68.75,161.3,24.0,7.16
kodiak,41,57.79,50.0,1.0,US,1558378763.0,63.0,39.95,-94.76,53.01,8.05
chuy,65.95,-33.7,120.0,96.0,UY,1558378776.0,91.0,-33.69,-53.46,65.58,13.78
arraial do cabo,71.6,-22.97,125.0,0.0,BR,1558378491.0,78.0,-22.97,-42.02,84.2,4.7
airai,60.13,-8.93,310.0,35.0,TL,1558378846.0,73.0,-8.93,125.41,75.12,7.2
tuatapere,57.99,-46.13,397.0,71.0,NZ,1558378871.0,88.0,-46.13,167.69,48.0,1.99
port elizabeth,62.6,-33.92,47.0,20.0,US,1558378762.0,46.0,39.31,-74.98,93.0,12.75
buzmeyin,53.6,38.05,,,,,,,,,
bonavista,36,48.65,529.0,59.0,CA,1558378895.0,74.0,48.65,-53.11,44.01,15.99
hithadhoo,84.56,-0.6,193.0,100.0,MV,1558378650.0,75.0,-0.6,73.08,84.12,11.3
touros,82.4,-5.2,505.0,52.0,BR,1558378891.0,75.0,-5.2,-35.46,84.12,15.88
haines junction,33.39,60.75,163.0,11.0,CA,1558378785.0,48.0,60.75,-137.51,51.18,7.23
belaya gora,22.91,68.53,,,,,,,,,
ambilobe,73.67,-13.2,87.0,2.0,MG,1558378770.0,92.0,-13.19,49.05,74.76,4.52
bela,82.74,25.93,,,,,,,,,
hobart,49.55,-42.88,216.0,40.0,AU,1558378795.0,66.0,-42.88,147.33,57.99,5.82
santo angelo,73,-28.3,,,,,,,,,
yaring,81.23,6.87,,,,,,,,,
kununurra,77,-15.77,523.0,75.0,AU,1558378894.0,58.0,-15.77,128.74,82.4,6.93
parabel,30.43,58.7,,,,,,,,,
razdolinsk,27.25,58.42,,,,,,,,,
coos bay,56.82,43.37,,,,,,,,,
keshabpur,74.93,22.92,,,,,,,,,
mitsamiouli,83.77,-11.38,,,,,,,,,
waddan,67.15,29.16,,,,,,,,,
carnarvon,75.2,-24.87,225.0,58.0,ZA,1558378797.0,65.0,-30.97,22.13,50.1,14.94
tasiilaq,30.2,65.61,181.0,75.0,GL,1558378788.0,74.0,65.61,-37.64,35.6,12.75
gejiu,52.39,23.31,,,,,,,,,
bismil,48.2,37.85,,,,,,,,,
albany,45.18,42.6,15.0,40.0,US,1558378727.0,45.0,42.65,-73.75,82.4,12.75
rocha,65.37,-34.48,254.0,97.0,UY,1558378828.0,96.0,-34.48,-54.34,61.08,11.3
jahanabad,78.8,25.22,,,,,,,,,
mys shmidta,NAN,NAN,,,,,,,,,
saint-philippe,68.54,-21.36,162.0,75.0,CA,1558378785.0,53.0,45.36,-73.48,75.0,29.97
viedma,62.69,-40.81,526.0,14.0,AR,1558378894.0,41.0,-40.81,-62.99,58.56,10.98
college,40.19,64.86,,,,,,,,,
havelock,62.37,34.88,497.0,1.0,US,1558378595.0,51.0,34.88,-76.9,88.0,12.75
new norfolk,49.08,-42.78,29.0,40.0,AU,1558378759.0,66.0,-42.78,147.06,57.99,5.82
seinajoki,26.31,62.79,,,,,,,,,
leningradskiy,12.81,69.38,251.0,0.0,RU,1558378827.0,80.0,69.38,178.42,22.2,6.38
bengkulu,78.55,-3.8,,,,,,,,,
illoqqortoormiut,NAN,NAN,,,,,,,,,
namatanai,82.02,-3.67,203.0,100.0,PG,1558378793.0,88.0,-3.66,152.44,77.46,5.95
bredasdorp,71.33,-34.53,112.0,0.0,ZA,1558378775.0,62.0,-34.53,20.04,55.0,8.05
sao joao da barra,71.6,-21.64,161.0,40.0,BR,1558378785.0,55.0,-21.64,-41.05,86.0,3.36
necochea,66.99,-38.55,483.0,100.0,AR,1558378887.0,47.0,-38.55,-58.74,59.0,5.99
souillac,77.47,-20.52,389.0,1.0,FR,1558378869.0,59.0,45.6,-0.6,62.6,11.41
amderma,NAN,NAN,,,,,,,,,
punta arenas,48.09,-53.15,27.0,40.0,CL,1558378759.0,61.0,-53.16,-70.91,50.0,46.08
launceston,44.96,-41.45,85.0,40.0,AU,1558378770.0,93.0,-41.43,147.14,55.0,14.99
atuona,82.8,-9.8,5.0,78.0,PF,1558378755.0,76.0,-9.8,-139.03,81.96,16.49
san pedro,81.46,14.35,228.0,100.0,AR,1558378735.0,69.0,-33.68,-59.66,63.0,7.0
nikolskoye,29.14,59.7,86.0,20.0,RU,1558378770.0,56.0,59.7,30.79,69.01,4.47
linhares,74.93,-19.39,,,,,,,,,
henties bay,73,-22.12,446.0,0.0,,1558378880.0,91.0,-22.12,14.28,59.0,5.99
longyearbyen,-5.8,78.22,411.0,75.0,NO,1558378873.0,74.0,78.22,15.63,28.4,5.82
fortuna,55.92,40.6,69.0,20.0,ES,1558378767.0,77.0,38.18,-1.13,69.8,4.7
nizhneyansk,NAN,NAN,,,,,,,,,
nova olimpia,81.66,-14.8,,,,,,,,,
aksha,40.55,50.28,,,,,,,,,
nouadhibou,69.13,20.93,,,,,,,,,
acari,79,-15.43,319.0,100.0,BR,1558378849.0,48.0,-6.44,-36.64,89.34,11.99
manokwari,80.29,-0.87,,,,,,,,,
hualmay,77.05,-11.1,,,,,,,,,
jamestown,45.46,42.1,81.0,84.0,AU,1558378769.0,52.0,-33.21,138.6,54.78,5.86
ribeira grande,62.6,38.52,210.0,40.0,PT,1558378794.0,88.0,38.52,-28.7,66.2,10.29
port alfred,68,-33.59,48.0,67.0,ZA,1558378763.0,69.0,-33.59,26.89,61.0,8.01
talakan,34.65,50.32,,,,,,,,,
quatre cocos,77.54,-20.21,,,,,,,,,
vila franca do campo,57.2,37.72,363.0,40.0,PT,1558378859.0,88.0,37.72,-25.43,66.2,12.75
grand gaube,77.65,-20.01,,,,,,,,,
ancud,53.6,-41.87,248.0,0.0,CL,1558378825.0,70.0,-41.87,-73.83,48.2,9.17
vao,76.19,-22.67,,,,,,,,,
lichtenburg,61.72,-26.15,,,,,,,,,
kaitangata,56.61,-46.28,185.0,16.0,NZ,1558378789.0,67.0,-46.28,169.85,52.0,10.0
kamenskoye,NAN,NAN,,,,,,,,,
marrakesh,64.4,31.63,,,,,,,,,
manggar,80.38,-2.88,,,,,,,,,
bluff,57.99,-46.6,189.0,1.0,AU,1558378790.0,89.0,-23.58,149.07,61.08,11.83
ambovombe,71.92,-25.17,,,,,,,,,
rio gallegos,51.8,-51.62,202.0,0.0,AR,1558378754.0,40.0,-51.62,-69.22,53.6,34.45
ballina,60.96,-28.87,,,,,,,,,
qaanaaq,14.05,77.48,2.0,25.0,GL,1558378755.0,73.0,77.48,-69.36,22.2,2.37
norman wells,28.4,65.28,165.0,75.0,CA,1558378785.0,45.0,65.28,-126.83,66.2,6.93
vaitupu,NAN,NAN,,,,,,,,,
tumannyy,NAN,NAN,,,,,,,,,
owando,74.93,-0.48,,,,,,,,,
inuvik,19.4,68.35,,,,,,,,,
maun,71.6,-19.98,,,,,,,,,
yalkhoy-mokhk,48.2,43.11,,,,,,,,,
kuruman,66.7,-27.45,,,,,,,,,
matay,65.19,28.42,,,,,,,,,
samarai,79.29,-10.62,,,,,,,,,
auki,82.22,-8.77,379.0,83.0,NG,1558378862.0,26.0,12.18,6.51,98.88,6.08
ketou,81.45,7.36,,,,,,,,,
tuktoyaktuk,3.2,69.45,245.0,40.0,CA,1558378823.0,75.0,69.44,-133.03,41.0,19.46
bella vista,64.58,36.43,91.0,62.0,AR,1558378771.0,80.0,-28.51,-59.05,75.66,7.29
inirida,86.95,3.87,,,,,,,,,
narsaq,44.6,60.92,156.0,20.0,GL,1558378784.0,28.0,60.91,-46.05,57.2,9.17
mnogovershinnyy,27.88,53.94,207.0,100.0,RU,1558378793.0,96.0,53.94,139.92,39.12,8.05
hamilton,61,39.18,232.0,90.0,CA,1558378635.0,67.0,43.26,-79.87,59.0,14.99
severo-kurilsk,29.23,50.68,204.0,99.0,RU,1558378793.0,97.0,50.68,156.12,39.66,15.1
miyako,41.11,39.64,,,,,,,,,
sedalia,64.71,38.7,,,,,,,,,
japura,72.84,-0.32,,,,,,,,,
kavieng,83.55,-2.57,173.0,100.0,PG,1558378787.0,75.0,-2.57,150.8,82.86,3.76
alta floresta,77.16,-9.88,,,,,,,,,
paita,81.25,-5.09,129.0,0.0,PE,1558378778.0,290.0,-5.09,-81.11,62.6,17.22
lima,78.8,-12.04,,,,,,,,,
klyuchi,38.61,52.27,,,,,,,,,
palabuhanratu,NAN,NAN,,,,,,,,,
lagos,84.2,6.58,394.0,20.0,NG,1558378870.0,83.0,6.46,3.39,82.4,3.36
karaul,NAN,NAN,,,,,,,,,
matara,76.69,5.95,,,,,,,,,
pisco,73.08,-13.7,56.0,0.0,PE,1558378764.0,30.0,-13.71,-76.2,75.99,11.41
constitucion,60.35,-35.33,14.0,5.0,MX,1558378757.0,4.0,23.99,-104.67,84.2,16.11
san cristobal,93.2,7.77,468.0,75.0,EC,1558378885.0,37.0,-0.39,-78.55,71.6,4.7
bhaderwah,54.9,32.98,,,,,,,,,
laguna,65.61,38.42,,,,,,,,,
solnechnyy,32.99,50.72,,,,,,,,,
hami,54.34,42.8,259.0,0.0,CN,1558378834.0,11.0,42.84,93.51,69.72,6.2
sitka,47.08,57.05,121.0,100.0,US,1558378776.0,98.0,37.17,-99.65,48.99,11.99
kahului,75.29,20.89,,,,,,,,,
castro,60.94,-24.79,11.0,0.0,CL,1558378756.0,70.0,-42.48,-73.76,48.2,9.17
lancaster,54.37,40.25,,,,,,,,,
nara,46.33,34.69,,,,,,,,,
tornio,26.6,65.85,,,,,,,,,
san jose,61.93,37.34,,,,,,,,,
vengerovo,32.43,55.68,,,,,,,,,
antalaha,76.77,-14.9,,,,,,,,,
wonthaggi,52.99,-38.6,,,,,,,,,
colares,57.38,38.8,,,,,,,,,
eldorado,71.2,-23.79,,,,,,,,,
saint george,62.8,37.1,75.0,40.0,GR,1558378768.0,33.0,39.45,22.34,75.2,11.41
toora-khem,31.55,52.47,,,,,,,,,
preston,50.14,53.77,,,,,,,,,
barrow,8.6,71.29,99.0,100.0,AR,1558378772.0,59.0,-38.31,-60.23,59.64,13.38
ayan,30.15,56.45,38.0,76.0,TR,1558378761.0,58.0,40.67,33.6,56.94,0.54
mrirt,NAN,NAN,,,,,,,,,
sorvag,NAN,NAN,,,,,,,,,
verkhnechusovskiye gorodki,36.81,58.17,,,,,,,,,
luderitz,57.2,-26.65,285.0,39.0,,1558378806.0,72.0,-26.65,15.16,62.6,18.34
dalbandin,76.89,28.89,,,,,,,,,
tezu,69.82,27.92,,,,,,,,,
varhaug,44.11,58.61,37.0,0.0,NO,1558378761.0,63.0,58.61,5.65,64.99,8.05
swellendam,71.6,-34.02,,,,,,,,,
saskylakh,0.82,71.92,13.0,0.0,RU,1558378757.0,91.0,71.97,114.09,4.92,2.26
udachnyy,24.8,66.42,182.0,90.0,RU,1558378789.0,48.0,66.42,112.4,39.2,11.18
mongoumba,71.15,3.64,,,,,,,,,
aljezur,62.01,37.32,,,,,,,,,
solsvik,NAN,NAN,,,,,,,,,
sola,80.82,-13.88,,,,,,,,,
palmer,47.19,42.16,,,,,,,,,
mayo,60.84,38.89,,,,,,,,,
rungata,NAN,NAN,,,,,,,,,
sentyabrskiy,NAN,NAN,,,,,,,,,
manga,90.79,11.66,,,,,,,,,
lekhaina,NAN,NAN,,,,,,,,,
talnakh,35.6,69.49,150.0,75.0,RU,1558378783.0,92.0,69.49,88.39,15.8,29.08
la palma,66.65,33.85,,,,,,,,,
victoria,65.12,22.29,434.0,75.0,BN,1558378812.0,88.0,5.28,115.24,80.6,5.21
torbay,36.86,47.67,41.0,75.0,CA,1558378627.0,65.0,47.66,-52.73,48.0,24.16
porbandar,80.2,21.64,,,,,,,,,
neyvo-shaytanskiy,37.38,57.73,,,,,,,,,
kiama,53.02,-34.68,,,,,,,,,
samana,86,19.21,222.0,75.0,EC,1558378796.0,94.0,0.12,-76.97,77.0,4.7
vardo,27.61,70.37,,,,,,,,,
candolim,82.4,15.52,,,,,,,,,
punta alta,71.4,-38.88,,,,,,,,,
sijunjung,73.8,-0.69,,,,,,,,,
fort nelson,35.6,58.81,360.0,20.0,CA,1558378858.0,42.0,58.81,-122.69,68.0,5.82
prince rupert,51.8,54.32,,,,,,,,,
beyla,75.42,8.68,,,,,,,,,
port augusta,50.18,-32.5,,,,,,,,,
salinas,60.8,36.68,,,,,,,,,
lompoc,64.78,34.64,110.0,75.0,US,1558378662.0,63.0,34.64,-120.46,66.99,12.75
te anau,55.45,-45.42,258.0,61.0,NZ,1558378834.0,93.0,-45.41,167.72,39.3,4.12
antofagasta,68,-23.65,,,,,,,,,
ilulissat,30.2,69.22,196.0,90.0,GL,1558378791.0,86.0,69.22,-51.1,33.8,4.7
kirakira,82.42,-10.45,,,,,,,,,
ucluelet,56.84,48.93,,,,,,,,,
banda aceh,80.22,5.56,357.0,100.0,ID,1558378858.0,76.0,5.56,95.32,84.12,11.95
ternate,78.85,0.8,89.0,20.0,PH,1558378770.0,74.0,14.29,120.72,86.0,1.12
chukhloma,27.28,58.75,,,,,,,,,
belushya guba,NAN,NAN,,,,,,,,,
huarmey,79.03,-10.07,,,,,,,,,
mildura,42.44,-34.2,,,,,,,,,
treinta y tres,66.24,-33.23,,,,,,,,,
portales,74.84,34.19,,,,,,,,,
mar del plata,66.69,-38,51.0,5.0,AR,1558378763.0,33.0,-46.43,-67.52,50.1,18.52
samusu,NAN,NAN,,,,,,,,,
kavaratti,84.34,10.57,,,,,,,,,
berlevag,25.02,70.86,,,,,,,,,
aykhal,24.8,66,10.0,90.0,RU,1558378756.0,48.0,65.95,111.51,39.2,11.18
khatanga,-1.05,71.97,55.0,10.0,RU,1558378764.0,92.0,71.98,102.47,9.96,10.94
ossora,15.48,59.24,,,,,,,,,
mount gambier,53.6,-37.83,212.0,90.0,AU,1558378628.0,100.0,-37.83,140.78,53.6,8.05
dolbeau,NAN,NAN,,,,,,,,,
komsomolskiy,53.6,40.43,350.0,55.0,RU,1558378856.0,93.0,67.55,63.78,18.78,13.2
provideniya,31.89,64.38,236.0,5.0,RU,1558378816.0,72.0,64.42,-173.23,33.72,5.23
znamensk,40.91,48.58,,,,,,,,,
skerries,50.79,53.58,,,,,,,,,
arambagh,75.34,22.88,,,,,,,,,
zdvinsk,30.97,54.7,,,,,,,,,
patos de minas,70.9,-18.58,,,,,,,,,
grindavik,39.11,63.84,398.0,75.0,IS,1558378871.0,100.0,63.84,-22.43,51.01,9.17
jiujiang,46.51,29.73,,,,,,,,,
popondetta,77.4,-8.75,,,,,,,,,
lagoa,61.66,39.05,188.0,20.0,PT,1558378790.0,46.0,37.14,-8.45,73.4,18.34
cururupu,80.26,-1.83,,,,,,,,,
jumla,44.73,29.27,,,,,,,,,
fereydun kenar,46.4,36.69,,,,,,,,,
olafsvik,37.24,64.89,,,,,,,,,
bijar,39.94,35.87,,,,,,,,,
burica,NAN,NAN,,,,,,,,,
kourou,82.4,5.16,,,,,,,,,
crateus,77,-5.18,,,,,,,,,
saldanha,63.93,-33.01,279.0,86.0,PT,1558378840.0,46.0,41.42,-6.55,63.06,9.75
hofn,37.26,64.25,58.0,90.0,IS,1558378764.0,81.0,64.25,-15.21,48.2,6.93
edinburg,51.46,55.95,,,,,,,,,
qaqortoq,44.6,60.72,,,,,,,,,
alzamay,27.97,55.56,,,,,,,,,
lata,55.06,40.16,,,,,,,,,
sai buri,79.68,6.7,,,,,,,,,
mangrol,80.29,21.12,,,,,,,,,
teya,23.14,60.38,170.0,75.0,MX,1558378786.0,39.0,21.05,-89.07,99.0,16.11
jutai,82.47,-5.18,,,,,,,,,
gouda,52.99,52.02,,,,,,,,,
kaeo,62.98,-35.1,,,,,,,,,
taoudenni,89.58,22.68,,,,,,,,,
edgewater,77.02,28.99,,,,,,,,,
najran,82.4,17.49,94.0,75.0,SA,1558378772.0,77.0,17.54,44.22,69.8,11.41
severodvinsk,23,64.56,,,,,,,,,
vila velha,75.61,-20.33,275.0,75.0,BR,1558378839.0,83.0,-3.71,-38.6,80.6,9.17
ponta do sol,58.55,32.67,70.0,0.0,BR,1558378767.0,57.0,-20.63,-46.0,73.68,5.32
akureyri,33.8,65.68,364.0,90.0,IS,1558378859.0,66.0,65.68,-18.09,48.2,6.93
kenai,35.73,60.55,,,,,,,,,
say,95,13.1,,,,,,,,,
gornopravdinsk,33.84,60.05,,,,,,,,,
grand river south east,NAN,NAN,,,,,,,,,
vila,54.75,42.03,,,,,,,,,
rio grande,69.35,-32.03,,,,,,,,,
buchanan,80.04,5.88,,,,,,,,,
whitehorse,35.67,60.72,107.0,40.0,CA,1558378774.0,36.0,60.72,-135.06,64.0,3.36
corinto,57.45,37.94,,,,,,,,,
muromtsevo,34.02,56.37,,,,,,,,,
tairua,63,-37.02,,,,,,,,,
warwick,49.84,41.7,,,,,,,,,
byron bay,62.49,-28.65,419.0,40.0,AU,1558378875.0,93.0,-28.65,153.62,63.0,4.7
sao filipe,75.61,14.9,118.0,2.0,CV,1558378776.0,84.0,14.9,-24.5,72.96,16.91
boksitogorsk,27.57,59.47,,,,,,,,,
yunhe,42.64,34.08,,,,,,,,,
adre,79.75,13.47,,,,,,,,,
maragogi,81.55,-9.01,23.0,97.0,BR,1558378610.0,69.0,-9.01,-35.22,83.94,9.42
natal,82.4,-5.79,,,,,,,,,
magui,NAN,NAN,,,,,,,,,
port lincoln,56.75,-34.73,250.0,100.0,AU,1558378826.0,76.0,-34.72,135.86,63.6,15.48
dingle,76.33,11,268.0,4.0,PH,1558378836.0,80.0,11.0,122.67,79.08,2.73
kashi,60.8,39.45,,,,,,,,,
honiara,80.6,-9.43,,,,,,,,,
high level,30.2,58.52,,,,,,,,,
santa cruz del norte,90.75,23.15,,,,,,,,,
altay,43.41,47.87,,,,,,,,,
buala,82.81,-8.14,318.0,87.0,SB,1558378849.0,79.0,-8.15,159.59,81.96,10.78
lebu,57.85,-37.62,249.0,75.0,ET,1558378826.0,68.0,8.96,38.73,64.4,2.95
havoysund,28.4,71,154.0,20.0,NO,1558378784.0,80.0,71.0,24.66,39.2,24.16
palauig,79.18,15.44,,,,,,,,,
tucuman,78.8,-26.82,,,,,,,,,
shimoda,46.85,34.67,372.0,75.0,JP,1558378860.0,100.0,34.7,138.93,68.0,11.41
dmytrivka,47.08,45.97,,,,,,,,,
port-gentil,78.13,-0.72,257.0,20.0,GA,1558378833.0,88.0,-0.72,8.78,80.6,11.41
gold coast,65.86,-28,,,,,,,,,
niquero,88.18,20.04,,,,,,,,,
anstruther,51.42,56.22,,,,,,,,,
marcona,NAN,NAN,,,,,,,,,
poum,79.09,-20.23,471.0,75.0,MK,1558378885.0,71.0,41.28,20.71,53.6,5.82
hakui,41.02,36.88,,,,,,,,,
tateyama,47.61,34.98,,,,,,,,,
botou,48.09,38.07,,,,,,,,,
nanortalik,37.58,60.14,64.0,29.0,GL,1558378766.0,72.0,60.14,-45.24,43.08,4.68
campana,70.32,-34.17,,,,,,,,,
nacala,75.81,-14.54,,,,,,,,,
krasnyy klyuch,37.2,55.39,,,,,,,,,
derzhavinsk,42.91,51.1,,,,,,,,,
bay roberts,36.82,47.6,,,,,,,,,
salamiyah,50.72,35.01,,,,,,,,,
fairmount,44.04,43.05,,,,,,,,,
mahebourg,77.4,-20.41,1.0,75.0,MU,1558378503.0,74.0,-20.41,57.7,78.8,11.41
oussouye,76.96,12.48,,,,,,,,,
bilibino,10,68.05,65.0,93.0,RU,1558378766.0,89.0,68.06,166.44,27.6,6.29
atambua,72.64,-9.11,,,,,,,,,
marawi,66.16,8,221.0,12.0,PH,1558378796.0,93.0,8.0,124.29,77.0,5.01
sistranda,41,63.73,,,,,,,,,
bandarbeyla,81.72,9.49,242.0,67.0,SO,1558378822.0,74.0,9.49,50.81,82.68,13.38
chapais,28.4,49.78,351.0,90.0,CA,1558378856.0,93.0,49.78,-74.86,44.6,6.93
charters towers,71.4,-20.1,,,,,,,,,
vangaindrano,70.7,-23.35,,,,,,,,,
attawapiskat,NAN,NAN,,,,,,,,,
nome,28.4,64.5,456.0,40.0,US,1558378882.0,62.0,30.04,-94.42,87.8,12.75
vostok,24.33,46.49,,,,,,,,,
garmsar,58.06,35.22,,,,,,,,,
bin qirdan,62.47,33.14,,,,,,,,,
elko,60.6,41,,,,,,,,,
synya,14.68,65.37,452.0,29.0,RU,1558378882.0,68.0,65.37,58.04,32.28,8.55
ocos,93.09,14.51,,,,,,,,,
petropavlovsk-kamchatskiy,28.4,53.05,,,,,,,,,
lekoni,76.78,-1.58,,,,,,,,,
buraydah,69.8,26.33,,,,,,,,,
comodoro rivadavia,62.6,-45.87,145.0,0.0,AR,1558378608.0,37.0,-45.87,-67.48,55.4,16.11
teguise,66.2,29.06,,,,,,,,,
marzuq,73.2,14.4,534.0,84.0,YE,1558378896.0,36.0,14.4,46.47,79.44,6.02
ashland,53.55,40.82,,,,,,,,,
obo,72.03,5.4,,,,,,,,,
chapleau,42.8,47.84,,,,,,,,,
buluang,75.96,13.31,,,,,,,,,
uncia,57.34,-18.47,,,,,,,,,
aklavik,19.4,68.22,127.0,75.0,CA,1558378563.0,50.0,68.22,-135.01,55.4,3.09
san benito abad,94.42,8.93,,,,,,,,,
isiro,69.08,2.77,,,,,,,,,
brae,46.4,60.4,440.0,99.0,GB,1558378879.0,87.0,60.4,-1.35,51.8,4.7
clarence town,54.81,-32.58,,,,,,,,,
santa ines,79.32,-3.67,280.0,75.0,EC,1558378840.0,72.0,-0.82,-78.63,64.4,2.93
pangnirtung,26.82,66.15,287.0,75.0,CA,1558378841.0,80.0,66.15,-65.72,35.6,18.34
hobyo,83.07,5.35,74.0,91.0,SO,1558378767.0,71.0,5.35,48.53,83.58,13.49
nhulunbuy,82.04,-12.23,,,,,,,,,
guanare,94.28,9.04,,,,,,,,,
fare,83.52,-16.7,,,,,,,,,
pevek,6.39,69.7,63.0,93.0,RU,1558378765.0,71.0,69.7,170.27,26.16,4.65
nimbahera,80.73,24.62,,,,,,,,,
port hedland,73.4,-20.32,192.0,0.0,AU,1558378791.0,51.0,-20.31,118.58,62.6,6.93
lazaro cardenas,85.42,17.96,200.0,75.0,MX,1558378792.0,14.0,28.39,-105.62,88.0,21.92
clyde river,8.6,70.47,175.0,75.0,CA,1558378787.0,86.0,70.47,-68.59,28.4,12.75
chicama,80.15,-7.84,,,,,,,,,
maniitsoq,38.53,65.42,429.0,1.0,GL,1558378877.0,76.0,65.42,-52.9,40.02,8.08
vysokogornyy,23.65,50.12,,,,,,,,,
tsihombe,NAN,NAN,,,,,,,,,
cidreira,67.53,-30.18,88.0,0.0,BR,1558378770.0,66.0,-30.17,-50.22,76.56,5.5
husavik,33.8,66.04,,,,,,,,,
batemans bay,36.14,-35.72,,,,,,,,,
ornskoldsvik,32.79,63.29,,,,,,,,,
halalo,NAN,NAN,,,,,,,,,
tamiahua,84,21.27,,,,,,,,,
sao gabriel da cachoeira,78.87,-0.13,,,,,,,,,
gorontalo,72.37,0.54,,,,,,,,,
faanui,82.6,-16.48,115.0,61.0,PF,1558378775.0,74.0,-16.48,-151.75,82.86,11.59
sao joao batista,69.91,-27.28,,,,,,,,,
fairview,53.76,40.81,,,,,,,,,
darhan,46.44,49.49,353.0,32.0,MN,1558378857.0,36.0,49.49,105.92,51.72,1.7
barbar,NAN,NAN,,,,,,,,,
san jeronimo,62.08,-11.95,,,,,,,,,
nuuk,35.29,64.18,493.0,20.0,GL,1558378889.0,70.0,64.17,-51.74,42.8,8.05
mayskiy,39.58,47.69,,,,,,,,,
avera,73.67,33.19,348.0,40.0,US,1558378856.0,40.0,33.19,-82.53,91.4,9.17
flin flon,21.2,54.77,,,,,,,,,
zhigansk,24.91,66.77,61.0,97.0,RU,1558378765.0,84.0,66.77,123.37,27.24,8.77
yarkovo,37.87,57.4,,,,,,,,,
broome,45.28,42.25,,,,,,,,,
padang,78.58,-0.95,536.0,100.0,ID,1558378896.0,82.0,-0.92,100.36,81.24,7.65
taft,61.03,31.75,,,,,,,,,
wanning,74.97,18.8,,,,,,,,,
mattru,80.26,7.62,,,,,,,,,
santa catalina,73.4,9.33,,,,,,,,,
kosonsoy,53.6,41.26,,,,,,,,,
portland,58.19,45.52,,,,,,,,,
sargatskoye,41.31,55.61,,,,,,,,,
meadow lake,67.24,34.8,,,,,,,,,
wanaka,52.97,-44.7,,,,,,,,,
ceske velenice,44.62,48.77,,,,,,,,,
ust-omchug,18.48,61.15,,,,,,,,,
hasaki,45.03,35.73,281.0,75.0,JP,1558378841.0,93.0,35.73,140.83,66.2,16.11
nyimba,66.2,-14.56,,,,,,,,,
tawkar,NAN,NAN,,,,,,,,,
tselinnoye,31.66,53.08,,,,,,,,,
rosario oeste,80.17,-14.84,,,,,,,,,
eyl,82.8,7.98,,,,,,,,,
kandi,85.86,11.13,,,,,,,,,
mocambique,NAN,NAN,,,,,,,,,
esperance,69.8,-33.87,293.0,40.0,TT,1558378843.0,46.0,10.24,-61.45,91.4,18.34
tiksi,13.08,71.69,8.0,95.0,RU,1558378756.0,88.0,71.64,128.87,14.1,15.7
eureka,56.73,40.8,,,,,,,,,
svetlogorsk,35.01,52.63,,,,,,,,,
fairbanks,40.35,64.84,,,,,,,,,
manzanillo,91.62,20.34,,,,,,,,,
kaupanger,35.01,61.18,,,,,,,,,
vaasa,27.43,63.1,,,,,,,,,
perth,70.9,-31.93,542.0,20.0,GB,1558378872.0,82.0,56.4,-3.43,59.0,3.36
rock springs,53.6,41.59,,,,,,,,,
verkhoyansk,28.53,67.54,,,,,,,,,
coihaique,49.33,-45.58,271.0,0.0,CL,1558378837.0,59.0,-45.58,-72.07,46.4,4.7
mulege,69.17,26.88,,,,,,,,,
faya,65.3,18.39,178.0,20.0,SA,1558378788.0,76.0,18.39,42.45,59.0,5.82
khandyga,25.45,62.67,,,,,,,,,
sao felix do xingu,79.12,-6.64,272.0,100.0,BR,1558378837.0,92.0,-6.64,-51.99,80.34,3.74
saint anthony,59.56,45.02,519.0,90.0,US,1558378893.0,81.0,43.97,-111.68,45.0,3.36
nelson bay,55.4,-32.72,396.0,2.0,AU,1558378870.0,93.0,-32.72,152.14,59.0,3.36
margate,55.22,51.38,126.0,40.0,AU,1558378778.0,66.0,-43.03,147.26,57.99,5.82
pemangkat,76.6,1.17,,,,,,,,,
coahuayana,86,18.73,151.0,1.0,MX,1558378783.0,22.0,18.62,-100.35,100.5,4.38
khani,42.8,41.96,,,,,,,,,
ust-kulom,21.67,61.69,,,,,,,,,
ahipara,65.52,-35.17,418.0,99.0,NZ,1558378875.0,100.0,-35.17,173.16,55.0,9.51
opuwo,72.28,-18.06,7.0,0.0,,1558378523.0,23.0,-18.06,13.84,72.06,5.44
joshimath,48.76,30.57,,,,,,,,,
aswan,66.38,24.09,,,,,,,,,
kardailovo,44.01,51.54,,,,,,,,,
saint-louis,95,16.33,,,,,,,,,
kathmandu,57.2,27.72,164.0,75.0,NP,1558378762.0,73.0,27.71,85.32,71.6,6.67
ikwiriri,74.62,-7.96,,,,,,,,,
kawalu,72.54,-7.38,,,,,,,,,
cairns,72.43,-16.92,,,,,,,,,
elk city,74.79,35.41,,,,,,,,,
gorno-chuyskiy,NAN,NAN,,,,,,,,,
yashkul,44.56,46.17,,,,,,,,,
rodna,28,47.42,,,,,,,,,
salalah,82.4,17.02,218.0,20.0,OM,1558378796.0,74.0,17.01,54.1,86.0,10.29
acapulco,84.2,16.86,337.0,5.0,MX,1558378854.0,70.0,16.86,-99.88,84.2,11.41
canberra,38.39,-35.28,,,,,,,,,
mizan teferi,64.63,6.98,488.0,59.0,ET,1558378888.0,80.0,6.99,35.58,63.42,3.06
moose factory,35.6,51.26,,,,,,,,,
port blair,82.06,11.67,111.0,99.0,IN,1558378774.0,71.0,11.67,92.75,85.2,7.18
bargal,NAN,NAN,,,,,,,,,
rakiv lis,37.11,51.62,,,,,,,,,
bastia,57.4,42.67,,,,,,,,,
mtwara,79.32,-10.27,,,,,,,,,
adrar,85.59,20.5,133.0,40.0,DZ,1558378779.0,17.0,27.87,-0.29,89.6,28.86
magistralnyy,33.04,56.17,,,,,,,,,
sungairaya,76.57,0.7,,,,,,,,,
toppenish,60.96,46.38,,,,,,,,,
middlebury,41.61,44.02,,,,,,,,,
marsh harbour,74.23,26.54,,,,,,,,,
tessalit,84.04,20.2,,,,,,,,,
tiarei,87.8,-17.53,54.0,20.0,PF,1558378764.0,70.0,-17.53,-149.33,84.2,10.29
umzimvubu,NAN,NAN,,,,,,,,,
lerwick,46.4,60.15,,,,,,,,,
axim,81.23,4.87,,,,,,,,,
santa fe,74.8,-31.63,,,,,,,,,
astana,42.8,51.18,,,,,,,,,
pagman,NAN,NAN,,,,,,,,,
qasigiannguit,30.2,68.82,71.0,90.0,GL,1558378767.0,86.0,68.82,-51.19,33.8,4.7
kruisfontein,62.08,-34,43.0,92.0,ZA,1558378762.0,69.0,-34.0,24.73,55.68,16.53
hokitika,56.34,-42.72,,,,,,,,,
utiroa,NAN,NAN,,,,,,,,,
emerald,68,-23.53,84.0,0.0,AU,1558378770.0,82.0,-23.53,148.16,60.8,6.93
milkovo,23.92,54.72,,,,,,,,,
sozimskiy,30.47,59.74,,,,,,,,,
koslan,20.91,63.46,,,,,,,,,
hienghene,77.56,-20.68,,,,,,,,,
road town,82.67,18.42,342.0,40.0,VG,1558378828.0,66.0,18.42,-64.62,86.0,9.17
huron,54.45,41.15,,,,,,,,,
liku,72.5,-0.73,,,,,,,,,
namibe,77.59,-15.2,391.0,0.0,AO,1558378870.0,74.0,-15.19,12.15,71.7,17.4
emba,42.19,48.83,,,,,,,,,
orotukan,20.5,62.27,,,,,,,,,
visnes,44.35,59.36,,,,,,,,,
sept-iles,42.8,50.2,,,,,,,,,
arrecife,66.2,28.96,,,,,,,,,
neftcala,50.74,39.37,,,,,,,,,
belyy yar,24.8,53.6,,,,,,,,,
revda,41,56.8,,,,,,,,,
klaksvik,42.8,62.23,,,,,,,,,
katokhi,NAN,NAN,,,,,,,,,
magadan,17.98,59.57,,,,,,,,,
kautokeino,18.99,69.01,,,,,,,,,
le port,68.94,-20.94,215.0,25.0,FR,1558378795.0,64.0,42.87,1.37,60.01,4.47
geraldton,66.63,-28.77,388.0,75.0,CA,1558378869.0,43.0,49.72,-86.95,55.4,11.41
sabha,72.25,27.04,,,,,,,,,
kichha,76.64,28.92,,,,,,,,,
valparaiso,58.69,-33.04,,,,,,,,,
santa cruz cabralia,80.6,-16.28,,,,,,,,,
barroualie,NAN,NAN,,,,,,,,,
bubaque,78.62,11.28,,,,,,,,,
yaan,78.37,7.38,,,,,,,,,
nanaimo,57.99,49.17,,,,,,,,,
palaia fokaia,59.63,37.72,,,,,,,,,
buritis,75.42,-15.62,,,,,,,,,
cockburn town,80.69,21.46,326.0,1.0,TC,1558378560.0,79.0,21.46,-71.14,80.52,12.5
lakatoro,75.2,-16.1,,,,,,,,,
zorritos,79.5,-3.68,,,,,,,,,
saint-joseph,68.79,-21.37,421.0,75.0,FR,1558378875.0,93.0,43.56,6.97,64.0,3.36
smithers,44.6,54.78,,,,,,,,,
port macquarie,54.97,-31.43,,,,,,,,,
morris,53.53,40.83,,,,,,,,,
kailua,80.19,21.4,,,,,,,,,
kiunga,73.89,-6.12,,,,,,,,,
fukue,55.02,32.69,,,,,,,,,
tselina,43.63,46.53,,,,,,,,,
saquarema,71.13,-22.92,,,,,,,,,
stornoway,43.3,58.21,,,,,,,,,
pirenopolis,73.94,-15.85,,,,,,,,,
cap malheureux,77.65,-19.98,,,,,,,,,
manoel urbano,85.96,-8.84,,,,,,,,,
campo verde,78.8,-20.42,,,,,,,,,
florida,80.37,28.75,291.0,40.0,CU,1558378581.0,52.0,21.53,-78.23,87.8,5.82
nalut,68.76,30.33,,,,,,,,,
mailsi,80.91,29.8,,,,,,,,,
horsham,55.87,51.06,,,,,,,,,
cabedelo,82.4,-6.98,,,,,,,,,
kattivakkam,82.72,13.22,,,,,,,,,
wahran,NAN,NAN,,,,,,,,,
port hardy,51.8,50.7,32.0,90.0,CA,1558378564.0,87.0,50.7,-127.42,53.6,5.82
kitimat,50,54.05,,,,,,,,,
naze,66.2,28.37,,,,,,,,,
rawlins,55.69,41.79,,,,,,,,,
elizabeth city,62.98,36.29,,,,,,,,,
sur,78.96,22.57,82.0,66.0,OM,1558378769.0,57.0,22.57,59.53,88.26,14.83
tual,83.46,-5.67,,,,,,,,,
bulgan,40.48,48.81,,,,,,,,,
bereda,54,43.27,,,,,,,,,
sandpoint,41.4,48.28,,,,,,,,,
salvador,86.67,13.83,,,,,,,,,
cauquenes,69.64,-35.97,,,,,,,,,
ust-nera,17.33,64.57,,,,,,,,,
honiton,54.41,50.8,,,,,,,,,
paamiut,35.24,61.99,209.0,7.0,GL,1558378794.0,91.0,61.99,-49.67,35.7,16.31
bardejov,36.18,49.29,,,,,,,,,
yakeshi,38.66,49.28,105.0,100.0,CN,1558378774.0,48.0,49.28,120.73,46.86,20.31
shingu,50.92,33.73,,,,,,,,,
bowen,71.83,-20.02,,,,,,,,,
maceio,80.6,-9.67,,,,,,,,,
saleaula,NAN,NAN,,,,,,,,,
saurimo,65.75,-9.66,,,,,,,,,
olinda,84.2,-8.01,,,,,,,,,
khor,32.14,47.89,77.0,100.0,RU,1558378768.0,94.0,47.88,134.96,54.96,7.36
amga,29.66,60.9,,,,,,,,,
lamu,81.28,-2.27,,,,,,,,,
yumen,45.43,40.28,167.0,2.0,CN,1558378785.0,10.0,40.29,97.04,59.1,1.5
yulara,57.2,-25.24,303.0,20.0,AU,1558378845.0,77.0,-25.24,130.99,62.6,8.16
dunedin,55,-45.87,307.0,1.0,NZ,1558378846.0,81.0,-45.87,170.5,46.99,4.0
hun,67.77,29.13,,,,,,,,,
brockville,42.31,44.58,,,,,,,,,
mecca,67.93,21.43,525.0,1.0,SA,1558378872.0,48.0,21.43,39.83,88.62,1.74
salinopolis,82.08,-0.61,305.0,90.0,BR,1558378846.0,82.0,-0.61,-47.36,82.14,12.57
birao,87.15,10.28,,,,,,,,,
doctor pedro p. pena,NAN,NAN,,,,,,,,,
rodos,57.51,36.44,,,,,,,,,
belmonte,80.6,-15.86,476.0,60.0,PT,1558378886.0,58.0,40.36,-7.35,63.0,7.0
columbus,55.96,39.96,,,,,,,,,
terrytown,74.8,29.91,,,,,,,,,
tiznit,59.23,29.58,,,,,,,,,
vyazemskiy,32,47.54,,,,,,,,,
jurm,55.62,36.86,,,,,,,,,
meyungs,NAN,NAN,,,,,,,,,
riyadh,75.2,24.69,,,,,,,,,
karachev,33.57,53.12,,,,,,,,,
yusva,NAN,NAN,,,,,,,,,
salym,34.66,60.06,,,,,,,,,
sembakung,73.54,3.82,,,,,,,,,
ozernovskiy,29.19,51.5,,,,,,,,,
ostrovnoy,,,0.0,2.0,RU,1558378754.0,72.0,68.05,39.51,37.5,7.16
zhuhai,,,3.0,0.0,CN,1558378755.0,39.0,40.71,112.04,44.6,4.47
flinders,,,6.0,0.0,AU,1558378755.0,62.0,-34.58,150.85,60.01,11.41
pushkinskiye gory,,,9.0,6.0,RU,1558378756.0,70.0,57.02,28.91,65.04,6.93
vilyuysk,,,16.0,16.0,RU,1558378757.0,59.0,63.75,121.63,34.62,5.84
kodinsk,,,19.0,14.0,RU,1558378758.0,81.0,58.6,99.18,48.84,4.97
teknaf,,,20.0,1.0,BD,1558378758.0,85.0,20.86,92.31,84.66,8.23
ambon,,,22.0,11.0,FR,1558378758.0,93.0,47.55,-2.56,64.99,5.82
fallon,,,24.0,90.0,US,1558378758.0,53.0,46.84,-105.12,51.8,18.34
kantang,,,25.0,20.0,TH,1558378759.0,94.0,7.42,99.52,78.8,6.93
colonelganj,,,26.0,0.0,IN,1558378759.0,14.0,27.13,81.7,94.2,5.08
gobabis,,,30.0,0.0,,1558378567.0,24.0,-22.45,18.97,68.0,2.24
qingdao,,,31.0,0.0,CN,1558378760.0,54.0,36.09,120.35,59.0,2.24
arman,,,33.0,0.0,RU,1558378760.0,64.0,59.7,150.17,31.56,5.3
mamakan,,,34.0,26.0,RU,1558378760.0,90.0,57.82,114.02,31.38,2.82
clinton,,,36.0,75.0,US,1558378556.0,54.0,41.84,-90.19,55.4,10.29
mayor pablo lagerenza,,,39.0,43.0,PY,1558378761.0,33.0,-19.93,-60.77,91.86,14.9
rosita,,,45.0,72.0,NI,1558378762.0,71.0,13.92,-84.4,84.12,4.41
beloha,,,46.0,100.0,MG,1558378762.0,85.0,-25.17,45.06,70.08,10.0
garchitorena,,,49.0,59.0,PH,1558378763.0,75.0,13.88,123.7,84.3,6.11
taybad,,,52.0,78.0,IR,1558378763.0,18.0,34.74,60.78,80.16,4.88
kolyvan,,,57.0,0.0,RU,1558378764.0,87.0,55.31,82.74,48.2,4.47
bontang,,,59.0,54.0,ID,1558378765.0,99.0,0.12,117.47,74.22,2.62
sault sainte marie,,,60.0,1.0,CA,1558378765.0,61.0,46.49,-84.36,50.0,14.99
hambantota,,,67.0,40.0,LK,1558378766.0,100.0,6.12,81.12,80.6,3.36
beja,,,68.0,20.0,PT,1558378766.0,49.0,38.02,-7.87,71.6,14.99
virginia beach,,,73.0,40.0,US,1558378597.0,48.0,36.85,-75.98,91.0,10.29
pontes e lacerda,,,76.0,41.0,BR,1558378768.0,41.0,-15.23,-59.33,88.44,3.71
crotone,,,78.0,20.0,IT,1558378768.0,67.0,39.09,17.12,62.6,10.29
baglung,,,79.0,11.0,NP,1558378768.0,58.0,28.27,83.59,54.24,2.66
raglan,,,80.0,99.0,NZ,1558378769.0,53.0,-37.8,174.87,48.99,1.99
araouane,,,83.0,77.0,ML,1558378769.0,18.0,18.9,-3.53,100.14,15.1
tarauaca,,,90.0,48.0,BR,1558378771.0,47.0,-8.16,-70.77,90.06,1.43
xichang,,,92.0,19.0,CN,1558378771.0,91.0,27.88,102.25,49.74,2.46
antioch,,,93.0,40.0,US,1558378507.0,63.0,38.0,-121.81,64.99,10.29
agirish,,,95.0,100.0,RU,1558378772.0,88.0,61.92,63.02,32.82,9.1
shalinskoye,,,98.0,66.0,RU,1558378772.0,63.0,55.72,93.76,53.7,7.83
sorong,,,100.0,95.0,ID,1558378773.0,93.0,-0.86,131.25,77.28,2.01
kingston,,,101.0,75.0,CA,1558378724.0,63.0,44.23,-76.48,70.0,19.46
mbigou,,,104.0,70.0,GA,1558378773.0,94.0,-1.9,11.91,72.6,1.63
bonthe,,,108.0,63.0,SL,1558378774.0,70.0,7.53,-12.5,85.38,9.78
bara,,,109.0,45.0,NG,1558378774.0,25.0,10.41,10.6,96.54,4.99
thinadhoo,,,113.0,100.0,MV,1558378775.0,76.0,0.53,72.93,85.02,17.0
koumac,,,114.0,0.0,NC,1558378775.0,68.0,-20.56,164.28,74.4,12.86
xam nua,,,116.0,100.0,LA,1558378775.0,98.0,20.42,104.04,67.38,2.17
deputatskiy,,,119.0,47.0,RU,1558378776.0,82.0,69.3,139.9,8.52,3.31
forio,,,122.0,75.0,IT,1558378777.0,77.0,40.73,13.86,62.6,6.93
russkaya polyana,,,123.0,100.0,RU,1558378777.0,80.0,53.78,73.88,45.24,6.76
san felipe,,,124.0,37.0,CL,1558378777.0,95.0,-32.75,-70.73,51.01,1.01
lokosovo,,,128.0,100.0,RU,1558378778.0,68.0,61.13,74.84,44.52,9.17
cravo norte,,,130.0,100.0,CO,1558378778.0,67.0,6.3,-70.2,85.02,3.09
motygino,,,131.0,85.0,RU,1558378778.0,84.0,58.18,94.69,49.2,5.23
west wendover,,,132.0,40.0,US,1558378779.0,66.0,40.74,-114.07,51.8,4.7
melfi,,,134.0,20.0,IT,1558378779.0,87.0,41.0,15.66,59.0,10.29
kibaya,,,135.0,75.0,RW,1558378779.0,88.0,-2.2,30.56,66.2,3.36
lavrentiya,,,137.0,31.0,RU,1558378780.0,95.0,65.58,-170.99,28.32,6.4
morondava,,,138.0,0.0,MG,1558378780.0,69.0,-20.3,44.28,79.08,9.06
sanchazi,,,141.0,0.0,CN,1558378781.0,82.0,30.43,103.62,64.4,2.24
sarai mir,,,142.0,0.0,IN,1558378781.0,35.0,26.02,82.92,86.0,3.36
yichun,,,143.0,89.0,CN,1558378781.0,98.0,47.72,128.88,41.64,3.58
plainview,,,144.0,40.0,US,1558378590.0,37.0,34.18,-101.71,84.99,18.34
nardaran,,,146.0,40.0,AZ,1558378782.0,52.0,40.56,50.01,66.2,19.46
nagua,,,147.0,75.0,DO,1558378782.0,70.0,19.37,-69.85,89.6,6.93
ibra,,,148.0,100.0,OM,1558378782.0,41.0,22.69,58.55,87.18,17.4
ganzhou,,,149.0,1.0,CN,1558378783.0,66.0,25.86,114.93,64.32,3.42
sinnamary,,,152.0,100.0,GF,1558378783.0,81.0,5.38,-52.96,82.5,10.96
porto novo,,,153.0,20.0,BR,1558378783.0,53.0,-23.68,-45.44,77.0,4.7
bjornevatn,,,155.0,75.0,NO,1558378688.0,93.0,69.67,29.98,37.4,20.8
charlestown,,,157.0,1.0,US,1558378784.0,64.0,41.38,-71.64,87.01,12.75
trat,,,158.0,93.0,TH,1558378784.0,70.0,12.25,102.51,91.0,1.88
manado,,,159.0,40.0,ID,1558378784.0,100.0,1.49,124.85,73.4,4.97
trapani,,,160.0,20.0,IT,1558378785.0,72.0,38.02,12.54,66.2,17.22
brainerd,,,166.0,1.0,US,1558378527.0,40.0,46.36,-94.2,63.0,5.82
straumen,,,168.0,0.0,NO,1558378786.0,52.0,63.87,11.3,68.0,9.17
camacha,,,169.0,40.0,PT,1558378786.0,72.0,33.08,-16.33,68.0,14.99
vitim,,,171.0,81.0,RU,1558378786.0,83.0,59.44,112.57,37.32,2.98
antsohihy,,,172.0,100.0,MG,1558378786.0,74.0,-14.88,47.99,80.7,5.35
la esperanza,,,174.0,75.0,HN,1558378787.0,62.0,14.31,-88.18,87.8,4.7
nador,,,176.0,0.0,MA,1558378499.0,40.0,35.17,-2.93,75.2,6.93
keflavik,,,177.0,75.0,IS,1558378788.0,100.0,64.0,-22.56,51.01,9.17
le marin,,,180.0,75.0,MQ,1558378788.0,62.0,14.47,-60.87,87.8,19.46
monrovia,,,183.0,40.0,LR,1558378789.0,79.0,6.33,-10.8,84.2,9.17
burnie,,,184.0,76.0,AU,1558378789.0,87.0,-41.05,145.91,53.01,5.99
yamada,,,186.0,75.0,JP,1558378789.0,93.0,36.58,137.08,63.0,2.24
mackay,,,187.0,20.0,CA,1558378789.0,28.0,53.65,-115.58,59.0,20.8
saint-georges,,,190.0,94.0,CA,1558378595.0,76.0,46.12,-70.67,71.01,8.99
naryan-mar,,,191.0,0.0,RU,1558378791.0,90.0,67.67,53.09,27.24,8.19
grand baie,,,198.0,75.0,MU,1558378661.0,74.0,-20.02,57.58,78.8,11.41
kaabong,,,199.0,100.0,UG,1558378792.0,92.0,3.51,34.14,64.86,2.91
luanda,,,201.0,20.0,AO,1558378792.0,78.0,-8.83,13.24,78.8,6.93
hutang,,,205.0,4.0,CN,1558378793.0,71.0,29.22,119.85,59.1,3.31
namioka,,,206.0,75.0,JP,1558378793.0,52.0,40.71,140.59,68.0,11.41
san rafael del sur,,,208.0,40.0,NI,1558378793.0,49.0,11.85,-86.44,91.4,13.87
labuhan,,,211.0,18.0,ID,1558378794.0,86.0,-2.54,115.51,75.48,2.8
pesca,,,213.0,96.0,CO,1558378794.0,68.0,5.56,-73.05,62.52,7.76
mount isa,,,214.0,0.0,AU,1558378794.0,56.0,-20.73,139.49,68.0,6.93
dublin,,,217.0,75.0,IE,1558378538.0,81.0,53.35,-6.26,57.99,5.82
beisfjord,,,219.0,0.0,NO,1558378796.0,51.0,68.38,17.6,60.8,11.41
ust-tsilma,,,220.0,0.0,RU,1558378796.0,58.0,65.44,52.15,35.88,6.11
koronowo,,,223.0,20.0,PL,1558378736.0,60.0,53.31,17.94,71.01,3.36
ekimchan,,,224.0,100.0,RU,1558378797.0,87.0,53.07,132.94,43.26,10.4
saint-denis,,,226.0,0.0,FR,1558378797.0,67.0,48.94,2.36,64.4,10.29
tabas,,,227.0,100.0,IR,1558378798.0,18.0,33.6,56.92,89.6,9.17
aketi,,,229.0,100.0,CD,1558378804.0,96.0,2.74,23.78,72.6,1.03
moses lake,,,230.0,1.0,US,1558378804.0,22.0,47.13,-119.28,69.8,13.87
mocuba,,,231.0,1.0,MZ,1558378804.0,90.0,-16.84,36.99,65.76,2.42
san juan del sur,,,233.0,40.0,NI,1558378808.0,74.0,11.25,-85.87,84.2,10.2
katobu,,,234.0,17.0,ID,1558378814.0,93.0,-4.94,122.53,75.66,1.54
banjar,,,235.0,86.0,ID,1558378616.0,98.0,-7.37,108.54,73.86,1.14
andradas,,,237.0,20.0,BR,1558378535.0,56.0,-22.07,-46.57,79.0,6.93
bose,,,238.0,75.0,IT,1558378816.0,72.0,45.46,8.01,64.4,2.24
manzhouli,,,239.0,35.0,CN,1558378819.0,45.0,49.6,117.43,45.24,13.67
lockhart,,,240.0,75.0,AU,1558378821.0,76.0,-35.22,146.72,55.4,3.36
anadyr,,,241.0,75.0,RU,1558378821.0,74.0,64.73,177.51,30.2,6.71
buchach,,,243.0,75.0,UA,1558378822.0,100.0,49.06,25.39,70.0,2.24
pasni,,,244.0,0.0,PK,1558378823.0,52.0,25.26,63.48,86.82,9.17
okha,,,246.0,100.0,RU,1558378823.0,96.0,53.59,142.95,40.38,13.62
puerto escondido,,,247.0,5.0,MX,1558378824.0,66.0,15.86,-97.07,86.0,9.17
kajaani,,,252.0,0.0,FI,1558378827.0,62.0,64.22,27.73,59.0,6.93
murray bridge,,,253.0,100.0,AU,1558378827.0,89.0,-35.12,139.28,55.99,1.01
tagusao,,,255.0,92.0,PH,1558378828.0,71.0,9.19,117.81,84.12,2.57
cobija,,,256.0,75.0,BR,1558378828.0,55.0,-11.02,-68.77,89.6,3.36
pahrump,,,260.0,75.0,US,1558378834.0,41.0,36.21,-115.98,68.0,11.5
fort frances,,,261.0,1.0,CA,1558378834.0,38.0,48.61,-93.4,63.0,9.17
umtata,,,262.0,0.0,ZA,1558378835.0,51.0,-31.59,28.78,60.8,17.22
saint-leu,,,264.0,68.0,RE,1558378835.0,88.0,-21.15,55.28,78.01,3.36
jalu,,,265.0,73.0,LY,1558378836.0,5.0,29.03,21.55,100.14,11.07
alice springs,,,266.0,1.0,AU,1558378836.0,93.0,-23.7,133.88,57.2,3.36
zaraza,,,267.0,97.0,VE,1558378836.0,22.0,9.35,-65.33,101.04,8.61
bodden town,,,269.0,75.0,KY,1558378836.0,88.0,19.28,-81.25,84.99,4.7
griffith,,,270.0,13.0,AU,1558378837.0,82.0,-34.29,146.06,55.4,5.82
santa rosa,,,273.0,100.0,AR,1558378839.0,78.0,-36.62,-64.29,49.38,13.94
goderich,,,274.0,96.0,CA,1558378839.0,87.0,43.74,-81.71,52.0,13.0
rabo de peixe,,,276.0,40.0,PT,1558378839.0,88.0,37.8,-25.58,66.2,12.75
soyo,,,277.0,20.0,AO,1558378792.0,88.0,-6.13,12.37,80.6,9.17
cayenne,,,278.0,40.0,GF,1558378571.0,70.0,4.94,-52.33,86.0,14.99
slave lake,,,282.0,1.0,CA,1558378673.0,25.0,55.28,-114.77,62.6,17.22
christchurch,,,283.0,1.0,NZ,1558378744.0,100.0,-43.53,172.64,51.01,3.36
kibakwe,,,284.0,46.0,TZ,1558378841.0,74.0,-6.71,36.37,69.54,5.44
san andres,,,286.0,58.0,PH,1558378815.0,82.0,13.32,122.68,81.78,2.89
san quintin,,,288.0,95.0,PH,1558378841.0,76.0,17.54,120.52,78.72,3.62
union,,,289.0,90.0,US,1558378842.0,100.0,47.36,-123.1,57.2,8.05
dudinka,,,290.0,75.0,RU,1558378842.0,92.0,69.41,86.18,15.8,29.08
madikeri,,,292.0,75.0,IN,1558378843.0,89.0,12.42,75.74,84.2,2.24
takoradi,,,294.0,100.0,GH,1558378843.0,85.0,4.89,-1.75,78.9,3.56
lokomotivnyy,,,295.0,38.0,RU,1558378843.0,61.0,53.01,60.57,41.1,9.42
khash,,,296.0,32.0,IR,1558378844.0,43.0,28.22,61.21,68.28,12.5
mogok,,,297.0,0.0,MM,1558378844.0,51.0,22.92,96.51,72.24,2.77
mikkeli,,,298.0,0.0,FI,1558378844.0,59.0,61.69,27.27,62.6,6.93
jiuquan,,,299.0,0.0,CN,1558378844.0,14.0,39.73,98.49,59.64,5.5
betafo,,,300.0,9.0,MG,1558378845.0,92.0,-19.84,46.86,58.2,3.47
aitape,,,301.0,100.0,PG,1558378845.0,87.0,-3.15,142.36,77.64,3.96
alofi,,,302.0,75.0,NU,1558378845.0,94.0,-19.06,-169.92,75.2,6.93
kvarkeno,,,304.0,77.0,RU,1558378845.0,56.0,52.08,59.73,44.88,8.21
chunhuhub,,,306.0,5.0,MX,1558378846.0,35.0,19.59,-88.59,96.72,7.02
nioro,,,308.0,76.0,GM,1558378846.0,15.0,13.79,-15.05,101.4,6.02
balkanabat,,,311.0,99.0,TM,1558378846.0,41.0,39.51,54.36,79.8,6.69
syumsi,,,312.0,90.0,RU,1558378847.0,66.0,57.11,51.61,43.08,6.91
loukhi,,,313.0,100.0,RU,1558378847.0,75.0,66.08,33.04,38.04,9.91
baruun-urt,,,314.0,0.0,MN,1558378847.0,48.0,46.68,113.28,44.88,5.32
miraflores,,,315.0,99.0,CO,1558378848.0,60.0,5.2,-73.14,68.64,5.44
gunjur,,,316.0,0.0,GM,1558378848.0,61.0,13.18,-16.76,80.6,9.17
wajima,,,317.0,100.0,JP,1558378849.0,94.0,37.4,136.9,63.78,13.53
banfora,,,320.0,77.0,BF,1558378849.0,56.0,10.64,-4.75,91.14,4.7
mandera,,,321.0,69.0,ET,1558378731.0,47.0,3.94,41.86,87.18,8.03
tshikapa,,,322.0,99.0,CD,1558378849.0,58.0,-6.42,20.79,79.62,2.15
juneau,,,323.0,75.0,US,1558378850.0,71.0,58.3,-134.42,57.2,11.41
sidney,,,324.0,1.0,US,1558378850.0,26.0,47.72,-104.16,61.0,14.99
edd,,,325.0,50.0,ER,1558378850.0,49.0,13.93,41.69,93.3,9.69
kizukuri,,,327.0,100.0,JP,1558378851.0,59.0,40.81,140.39,68.0,1.01
vung tau,,,328.0,77.0,VN,1558378714.0,77.0,10.35,107.08,85.2,10.58
mahon,,,329.0,75.0,IE,1558378851.0,71.0,51.89,-8.4,57.0,9.17
biltine,,,330.0,93.0,TD,1558378853.0,13.0,14.53,20.93,101.76,6.87
ishigaki,,,331.0,69.0,JP,1558378853.0,73.0,24.34,124.16,76.2,24.34
morant bay,,,332.0,20.0,JM,1558378853.0,62.0,17.88,-76.41,86.0,23.04
raduzhnyy,,,333.0,100.0,RU,1558378853.0,93.0,62.1,77.47,39.3,9.86
san patricio,,,334.0,94.0,PY,1558378853.0,82.0,-26.98,-56.83,76.74,7.49
hulan ergi,,,335.0,100.0,CN,1558378853.0,85.0,47.2,123.63,48.48,15.26
thayetmyo,,,336.0,81.0,MM,1558378854.0,61.0,19.32,95.18,88.26,7.07
port shepstone,,,338.0,2.0,ZA,1558378854.0,47.0,-30.74,30.45,69.54,5.32
tautira,,,339.0,20.0,PF,1558378854.0,70.0,-17.73,-149.15,84.2,10.29
la libertad,,,340.0,0.0,PE,1558378855.0,36.0,-16.38,-71.56,64.4,8.05
raymond,,,341.0,40.0,US,1558378580.0,48.0,43.04,-71.18,84.99,12.75
yar-sale,,,343.0,100.0,RU,1558378855.0,90.0,66.83,70.83,24.9,17.43
iwanai,,,344.0,100.0,JP,1558378855.0,87.0,42.97,140.51,56.04,11.32
eseka,,,345.0,100.0,CM,1558378855.0,91.0,3.65,10.77,76.92,3.13
chiredzi,,,346.0,0.0,ZW,1558378856.0,42.0,-21.05,31.67,65.76,0.78
tigil,,,347.0,33.0,RU,1558378856.0,92.0,57.8,158.67,36.6,4.59
muzhi,,,349.0,100.0,RU,1558378856.0,85.0,65.4,64.7,30.3,11.63
biak,,,352.0,81.0,ID,1558378857.0,98.0,-0.91,122.88,65.4,3.27
daru,,,354.0,78.0,SL,1558378857.0,89.0,7.99,-10.85,79.62,3.6
onokhoy,,,355.0,33.0,RU,1558378857.0,51.0,51.92,108.05,37.4,2.24
leh,,,356.0,33.0,IN,1558378857.0,51.0,34.16,77.58,25.8,3.58
alyangula,,,358.0,100.0,AU,1558378858.0,100.0,-13.85,136.42,71.6,3.36
sorland,,,359.0,0.0,NO,1558378858.0,71.0,67.67,12.69,53.6,5.82
boyolangu,,,361.0,80.0,ID,1558378858.0,89.0,-8.09,111.9,74.76,4.65
datong,,,362.0,0.0,CN,1558378858.0,23.0,40.09,113.3,55.32,9.44
ulladulla,,,365.0,0.0,AU,1558378859.0,62.0,-35.36,150.48,60.01,11.41
ust-barguzin,,,366.0,27.0,RU,1558378859.0,60.0,53.41,109.03,36.06,2.42
pampierstad,,,367.0,0.0,ZA,1558378859.0,23.0,-27.78,24.69,67.02,10.38
zyryanovsk,,,368.0,100.0,KZ,1558378588.0,88.0,49.74,84.27,48.84,1.81
cooma,,,369.0,11.0,AU,1558378860.0,71.0,-36.24,149.13,53.6,10.29
sfantu gheorghe,,,370.0,40.0,RO,1558378860.0,93.0,44.65,26.83,66.2,10.29
carballo,,,371.0,0.0,ES,1558378860.0,44.0,43.21,-8.69,63.0,5.82
novonukutskiy,,,373.0,96.0,RU,1558378861.0,40.0,53.7,102.71,56.04,4.81
reguengos de monsaraz,,,374.0,20.0,PT,1558378861.0,49.0,38.42,-7.53,71.6,14.99
ocean city,,,375.0,40.0,US,1558378788.0,66.0,30.44,-86.61,93.0,13.87
qinhuangdao,,,376.0,0.0,CN,1558378861.0,40.0,39.94,119.59,57.48,8.41
muskegon,,,377.0,90.0,US,1558378605.0,70.0,43.23,-86.25,50.0,12.75
kargasok,,,378.0,82.0,RU,1558378862.0,79.0,59.06,80.87,43.08,8.63
kayseri,,,380.0,40.0,TR,1558378862.0,48.0,38.73,35.48,66.2,3.36
quanzhou,,,381.0,35.0,CN,1558378863.0,88.0,24.9,118.59,69.8,6.71
nago,,,382.0,40.0,IT,1558378863.0,93.0,45.88,10.89,60.01,3.36
medicine hat,,,383.0,75.0,CA,1558378863.0,32.0,50.04,-110.68,55.4,14.99
santa maria,,,385.0,99.0,BR,1558378868.0,85.0,-29.69,-53.81,71.16,5.95
north bend,,,386.0,40.0,US,1558378869.0,58.0,43.41,-124.22,63.0,12.75
el alto,,,387.0,75.0,BO,1558378857.0,19.0,-16.5,-68.19,57.2,14.99
la ronge,,,390.0,40.0,CA,1558378869.0,33.0,55.1,-105.3,62.6,10.29
westport,,,392.0,20.0,IE,1558378845.0,66.0,53.8,-9.52,55.99,9.17
juiz de fora,,,393.0,20.0,BR,1558378833.0,44.0,-21.76,-43.35,75.2,8.05
half moon bay,,,395.0,90.0,US,1558378692.0,67.0,37.46,-122.43,62.01,9.17
xining,,,399.0,76.0,CN,1558378797.0,47.0,36.62,101.77,44.7,1.21
kieta,,,400.0,97.0,PG,1558378871.0,72.0,-6.22,155.63,82.5,4.09
kalabo,,,401.0,47.0,ZM,1558378871.0,42.0,-15.0,22.67,69.9,4.72
sambava,,,402.0,7.0,MG,1558378871.0,99.0,-14.27,50.17,70.98,1.5
wawa,,,403.0,90.0,NG,1558378872.0,38.0,9.9,4.41,94.92,4.88
manama,,,404.0,0.0,AE,1558378872.0,52.0,25.33,56.02,91.4,14.99
labuan,,,405.0,75.0,BN,1558378808.0,88.0,5.28,115.24,80.6,5.21
wexford,,,406.0,75.0,US,1558378845.0,53.0,40.63,-80.06,75.99,19.46
kyren,,,407.0,100.0,RU,1558378872.0,57.0,51.68,102.13,38.04,5.79
boquira,,,408.0,20.0,BR,1558378872.0,40.0,-12.82,-42.73,88.62,5.1
bathsheba,,,409.0,20.0,BB,1558378792.0,58.0,13.22,-59.52,86.0,18.34
ogbomosho,,,410.0,97.0,NG,1558378873.0,61.0,8.13,4.25,84.66,8.72
diu,,,412.0,0.0,IN,1558378873.0,75.0,20.71,70.98,83.04,12.82
shebalino,,,413.0,100.0,RU,1558378873.0,68.0,51.29,85.68,53.52,7.29
kalat,,,414.0,47.0,PK,1558378846.0,44.0,29.03,66.58,66.84,4.0
hare bay,,,415.0,75.0,CA,1558378874.0,64.0,48.86,-53.99,46.0,17.22
kirkuk,,,416.0,0.0,IQ,1558378874.0,16.0,35.47,44.4,86.82,7.36
tabou,,,417.0,84.0,CI,1558378874.0,82.0,4.42,-7.36,80.88,4.9
isangel,,,420.0,13.0,VU,1558378875.0,76.0,-19.55,169.27,74.76,20.18
susuman,,,422.0,0.0,RU,1558378875.0,75.0,62.78,148.15,22.38,3.15
plattling,,,423.0,100.0,DE,1558378876.0,86.0,48.78,12.88,55.99,3.71
arenapolis,,,424.0,27.0,BR,1558378876.0,34.0,-14.45,-56.85,89.52,3.94
tocopilla,,,425.0,79.0,CL,1558378876.0,94.0,-22.09,-70.2,61.8,17.07
arroyo,,,426.0,75.0,US,1558378876.0,49.0,41.39,-78.88,75.0,21.92
hastings,,,427.0,0.0,NZ,1558378877.0,93.0,-39.64,176.84,42.18,2.64
okhotsk,,,428.0,87.0,RU,1558378877.0,77.0,59.36,143.24,41.46,6.53
cartagena del chaira,,,431.0,98.0,CO,1558378878.0,89.0,1.33,-74.84,79.62,3.22
macau,,,432.0,70.0,BR,1558378878.0,65.0,-5.11,-36.64,86.1,13.85
svodin,,,433.0,0.0,SK,1558378878.0,72.0,47.91,18.5,63.0,6.93
dong xoai,,,435.0,100.0,VN,1558378870.0,71.0,11.53,106.92,83.76,5.44
zaysan,,,436.0,43.0,KZ,1558378879.0,47.0,47.47,84.87,59.46,10.83
waipawa,,,438.0,0.0,NZ,1558378879.0,93.0,-39.94,176.59,33.01,2.64
vila do maio,,,439.0,20.0,CV,1558378879.0,54.0,15.13,-23.22,80.6,13.87
russkiy aktash,,,441.0,20.0,RU,1558378880.0,80.0,55.04,52.12,41.0,11.18
kokstad,,,442.0,51.0,ZA,1558378831.0,33.0,-30.55,29.42,57.12,3.65
lucapa,,,443.0,65.0,AO,1558378880.0,48.0,-8.42,20.74,78.36,2.73
birjand,,,444.0,0.0,IR,1558378880.0,26.0,32.86,59.22,71.6,9.17
ingham,,,445.0,24.0,AU,1558378880.0,97.0,-18.65,146.16,64.32,3.29
tilichiki,,,447.0,99.0,RU,1558378881.0,87.0,60.47,166.1,33.9,4.41
doha,,,448.0,15.0,QA,1558378609.0,78.0,25.29,51.53,84.2,2.24
makakilo city,,,449.0,75.0,US,1558378845.0,69.0,21.35,-158.09,82.99,11.41
anan,,,451.0,90.0,JP,1558378881.0,93.0,33.91,134.64,66.2,5.82
thanatpin,,,453.0,75.0,MM,1558378882.0,83.0,17.29,96.58,82.4,4.7
altagracia de orituco,,,454.0,96.0,VE,1558378882.0,33.0,9.86,-66.38,89.52,5.26
anqing,,,455.0,55.0,CN,1558378882.0,34.0,30.51,117.04,64.68,4.05
lahaina,,,457.0,20.0,US,1558378883.0,61.0,20.87,-156.68,82.4,11.41
hereford,,,458.0,40.0,GB,1558378883.0,59.0,52.06,-2.72,64.0,3.36
san ramon de la nueva oran,,,459.0,100.0,AR,1558378883.0,97.0,-23.13,-64.33,63.42,2.13
manuk mangkaw,,,460.0,99.0,PH,1558378883.0,68.0,4.8,119.85,86.1,5.57
prainha,,,461.0,100.0,BR,1558378652.0,69.0,-1.8,-53.48,86.1,4.14
pacific grove,,,462.0,90.0,US,1558378883.0,77.0,36.62,-121.92,64.0,4.7
tam ky,,,463.0,20.0,VN,1558378884.0,78.0,15.57,108.48,82.4,4.7
atasu,,,464.0,100.0,KZ,1558378884.0,52.0,48.68,71.64,55.32,12.21
seshcha,,,465.0,1.0,RU,1558378884.0,72.0,53.73,33.34,61.62,6.11
norilsk,,,466.0,75.0,RU,1558378884.0,92.0,69.35,88.2,15.8,29.08
los teques,,,467.0,40.0,VE,1558378674.0,66.0,10.35,-67.04,87.01,3.36
san ramon,,,469.0,75.0,NI,1558378828.0,65.0,12.92,-85.84,77.0,5.55
horta,,,470.0,40.0,ES,1558378885.0,72.0,41.43,2.16,64.99,6.93
sawtell,,,472.0,90.0,AU,1558378885.0,93.0,-30.38,153.1,57.2,3.36
seoul,,,473.0,1.0,KR,1558378758.0,93.0,37.57,126.98,55.4,4.7
plettenberg bay,,,474.0,98.0,ZA,1558378886.0,74.0,-34.05,23.37,55.32,7.18
oranjestad,,,475.0,20.0,AW,1558378652.0,62.0,12.52,-70.03,87.8,25.28
bundaberg,,,477.0,0.0,AU,1558378886.0,93.0,-24.87,152.35,61.0,6.93
samarinda,,,478.0,52.0,ID,1558378886.0,98.0,-0.5,117.14,75.3,2.08
zhezkazgan,,,479.0,87.0,KZ,1558378887.0,45.0,47.8,67.71,56.04,13.85
abonnema,,,480.0,75.0,NG,1558378887.0,83.0,4.71,6.79,80.6,11.41
narok,,,481.0,35.0,KE,1558378887.0,91.0,-1.09,35.87,56.76,6.64
muravlenko,,,482.0,28.0,RU,1558378887.0,89.0,63.79,74.5,34.98,7.83
talcahuano,,,484.0,40.0,CL,1558378827.0,66.0,-36.72,-73.12,55.4,6.93
san-pedro,,,485.0,92.0,CI,1558378888.0,89.0,4.75,-6.64,78.9,3.56
bismarck,,,486.0,1.0,US,1558378843.0,50.0,46.81,-100.78,60.8,16.11
pinotepa de don luis,,,487.0,21.0,MX,1558378888.0,37.0,16.43,-97.98,95.1,7.47
bonfim,,,489.0,20.0,BR,1558378888.0,39.0,-20.33,-44.24,82.4,8.05
oga,,,490.0,94.0,NG,1558378889.0,72.0,8.18,5.65,80.88,8.28
bouca,,,491.0,68.0,CF,1558378889.0,51.0,6.51,18.28,83.94,4.12
bolobo,,,492.0,95.0,CD,1558378889.0,57.0,-2.17,16.23,83.94,2.33
baylo,,,494.0,1.0,PH,1558378889.0,69.0,7.85,126.06,77.0,1.07
fuxin,,,495.0,4.0,CN,1558378889.0,40.0,42.02,121.65,56.94,11.95
chernaya kholunitsa,,,496.0,90.0,RU,1558378890.0,52.0,58.85,51.72,42.9,5.82
traverse city,,,498.0,75.0,US,1558378672.0,62.0,44.76,-85.62,54.0,14.99
champoton,,,499.0,20.0,MX,1558378890.0,39.0,19.35,-90.72,95.0,11.41
mandalgovi,,,500.0,0.0,MN,1558378890.0,36.0,45.76,106.27,48.66,1.34
delemont,,,501.0,75.0,CH,1558378890.0,93.0,47.36,7.34,57.2,11.41
chauk,,,502.0,67.0,MM,1558378891.0,41.0,20.89,94.82,91.5,5.55
kambove,,,503.0,15.0,CD,1558378891.0,91.0,-10.88,26.6,62.52,3.36
tutoia,,,504.0,75.0,BR,1558378891.0,79.0,-2.76,-42.27,86.0,6.93
babati,,,506.0,59.0,TZ,1558378891.0,97.0,-4.21,35.75,55.5,6.11
graaff-reinet,,,507.0,19.0,ZA,1558378808.0,53.0,-32.25,24.53,60.0,13.87
noumea,,,508.0,0.0,NC,1558378811.0,77.0,-22.28,166.46,64.4,2.24
pilot butte,,,509.0,40.0,CA,1558378892.0,33.0,50.48,-104.42,59.0,10.29
atar,,,510.0,1.0,MR,1558378892.0,12.0,20.52,-13.05,95.0,9.17
valenca do piaui,,,511.0,58.0,BR,1558378892.0,67.0,-6.41,-41.75,84.66,5.37
natchez,,,512.0,1.0,US,1558378892.0,74.0,31.56,-91.4,87.01,6.93
denpasar,,,513.0,20.0,ID,1558378866.0,94.0,-8.65,115.22,80.6,8.05
loikaw,,,514.0,100.0,MM,1558378892.0,85.0,19.67,97.21,69.18,3.4
madaoua,,,515.0,71.0,NE,1558378892.0,18.0,14.07,5.96,104.1,3.36
malindi,,,516.0,75.0,KE,1558378808.0,88.0,-3.22,40.12,77.0,9.17
along,,,517.0,28.0,IN,1558378893.0,92.0,28.17,94.8,53.88,4.54
bonito,,,518.0,0.0,BR,1558378893.0,49.0,-21.13,-56.49,84.3,7.72
high prairie,,,520.0,0.0,CA,1558378893.0,34.0,55.43,-116.48,61.8,16.46
high rock,,,521.0,75.0,BS,1558378893.0,83.0,26.63,-78.28,75.2,12.75
raudeberg,,,522.0,20.0,NO,1558378894.0,76.0,61.99,5.14,69.8,4.7
mogadishu,,,524.0,79.0,SO,1558378801.0,79.0,2.04,45.34,80.88,9.78
tomatlan,,,527.0,0.0,MX,1558378894.0,59.0,19.93,-105.25,84.66,7.9
lyuban,,,528.0,39.0,BY,1558378625.0,68.0,52.8,28.0,67.92,12.15
hirara,,,530.0,37.0,JP,1558378895.0,67.0,24.8,125.28,75.48,26.15
russell,,,531.0,75.0,AR,1558378895.0,71.0,-33.01,-68.8,50.0,12.75
burns lake,,,532.0,66.0,CA,1558378895.0,62.0,54.23,-125.76,56.4,5.21
hakkari,,,533.0,0.0,FI,1558378896.0,46.0,61.34,23.75,69.8,5.82
villaviciosa,,,535.0,20.0,ES,1558378896.0,71.0,43.48,-5.43,59.0,6.93
matam,,,537.0,1.0,SN,1558378897.0,14.0,15.66,-13.26,102.12,11.61
la seyne-sur-mer,,,538.0,0.0,FR,1558378897.0,72.0,43.1,5.88,69.01,2.24
palu,,,539.0,72.0,ID,1558378897.0,80.0,-0.9,119.87,78.72,3.83
talmenka,,,540.0,40.0,RU,1558378897.0,76.0,53.82,83.56,51.8,11.18
tamworth,,,541.0,64.0,AU,1558378897.0,87.0,-31.09,150.93,44.6,5.82
yabrud,,,543.0,0.0,SY,1558378840.0,32.0,33.97,36.66,80.6,8.05
paraiso,,,544.0,5.0,MX,1558378898.0,4.0,24.01,-104.61,84.2,16.11
veraval,,,545.0,0.0,FR,1558378898.0,62.0,49.65,0.71,61.0,8.05
novyy urgal,,,546.0,100.0,RU,1558378899.0,93.0,51.07,132.56,49.74,2.68
tongren,,,547.0,4.0,CN,1558378899.0,64.0,27.72,109.18,55.86,2.84
